feature,mutual_info
avg_time_on_page_sec,0.04589888079129767
serp_position_before,0.034899935300943596
domain_authority,0.0332219660393831
backlink_count,0.03188815622174945
bounce_rate,0.022354537887899095
content_length,0.014598729311333214
num_internal_links,0.009056361645172872
has_alt_text,0.0005208642458178203
has_meta_description,0.00041698114417970666
keyword_density,0.0
page_authority,0.0
num_external_links,0.0
scroll_depth_percent,0.0
